tag,points,first_step,last_step,first_value,last_value,best_value
train-loss/close_jar/traj_pos_acc_001,30,3999,119999,0,0,0.027777778
train-loss/close_jar/traj_pos_l2,30,3999,119999,0.14964096,0.094663888,0.055507246
train-loss/close_jar/traj_rot_acc_0025,30,3999,119999,0,0.055555556,0.055555556
train-loss/close_jar/traj_rot_l1,30,3999,119999,0.64260751,0.11045214,0.1075717
train-loss/insert_onto_square_peg/traj_pos_acc_001,30,3999,119999,0,0,0.0625
train-loss/insert_onto_square_peg/traj_pos_l2,30,3999,119999,0.14438103,0.08628308,0.060226139
train-loss/insert_onto_square_peg/traj_rot_acc_0025,30,3999,119999,0,0,0.15625
train-loss/insert_onto_square_peg/traj_rot_l1,30,3999,119999,1.1706415,0.20297948,0.15486041
train-loss/light_bulb_in/traj_pos_acc_001,30,3999,119999,0,0,0.025
train-loss/light_bulb_in/traj_pos_l2,30,3999,119999,0.10903551,0.084862433,0.057578735
train-loss/light_bulb_in/traj_rot_acc_0025,30,3999,119999,0,0,0.1
train-loss/light_bulb_in/traj_rot_l1,30,3999,119999,1.1466331,0.11808215,0.093879402
train-loss/meat_off_grill/traj_pos_acc_001,30,3999,119999,0,0,0.055555556
train-loss/meat_off_grill/traj_pos_l2,30,3999,119999,0.18082541,0.090072155,0.046766832
train-loss/meat_off_grill/traj_rot_acc_0025,30,3999,119999,0,0,0.11111111
train-loss/meat_off_grill/traj_rot_l1,30,3999,119999,1.0060681,0.14012136,0.085455641
train-loss/open_drawer/traj_pos_acc_001,30,3999,119999,0,0,0.11111111
train-loss/open_drawer/traj_pos_l2,30,3999,119999,0.090088762,0.093711674,0.044621639
train-loss/open_drawer/traj_rot_acc_0025,30,3999,119999,0,0.083333336,0.2
train-loss/open_drawer/traj_rot_l1,30,3999,119999,0.3276158,0.089117572,0.049039669
train-loss/place_cups/traj_pos_acc_001,30,3999,119999,0,0,0.020000001
train-loss/place_cups/traj_pos_l2,30,3999,119999,0.15787767,0.084819518,0.060737241
train-loss/place_cups/traj_rot_acc_0025,30,3999,119999,0,0.014285715,0.035
train-loss/place_cups/traj_rot_l1,30,3999,119999,1.1482009,0.13231075,0.12209465
train-loss/place_shape_in_shape_sorter/traj_pos_acc_001,30,3999,119999,0,0,0.037037037
train-loss/place_shape_in_shape_sorter/traj_pos_l2,30,3999,119999,0.15459321,0.09405797,0.059553217
train-loss/place_shape_in_shape_sorter/traj_rot_acc_0025,30,3999,119999,0,0,0.083333336
train-loss/place_shape_in_shape_sorter/traj_rot_l1,30,3999,119999,1.1561686,0.2013704,0.1364177
train-loss/place_wine_at_rack_location/traj_pos_acc_001,30,3999,119999,0,0,0.025
train-loss/place_wine_at_rack_location/traj_pos_l2,30,3999,119999,0.16366757,0.083155729,0.056270432
train-loss/place_wine_at_rack_location/traj_rot_acc_0025,30,3999,119999,0,0,0.1
train-loss/place_wine_at_rack_location/traj_rot_l1,30,3999,119999,1.0740499,0.12966743,0.071256436
train-loss/push_buttons/traj_pos_acc_001,30,3999,119999,0,0,0.11111111
train-loss/push_buttons/traj_pos_l2,30,3999,119999,0.14479536,0.079545319,0.051312234
train-loss/push_buttons/traj_rot_acc_0025,30,3999,119999,0,0.041666668,0.23958334
train-loss/push_buttons/traj_rot_l1,30,3999,119999,0.41928646,0.096491009,0.043658096
train-loss/put_groceries_in_cupboard/traj_pos_acc_001,30,3999,119999,0,0,0.12962964
train-loss/put_groceries_in_cupboard/traj_pos_l2,30,3999,119999,0.19963203,0.099292226,0.055231657
train-loss/put_groceries_in_cupboard/traj_rot_acc_0025,30,3999,119999,0,0,0.074074075
train-loss/put_groceries_in_cupboard/traj_rot_l1,30,3999,119999,1.0205427,0.16771311,0.12430055
train-loss/put_item_in_drawer/traj_pos_acc_001,30,3999,119999,0,0,0.029166669
train-loss/put_item_in_drawer/traj_pos_l2,30,3999,119999,0.17346826,0.091057546,0.046943285
train-loss/put_item_in_drawer/traj_rot_acc_0025,30,3999,119999,0,0,0.059126984
train-loss/put_item_in_drawer/traj_rot_l1,30,3999,119999,0.29154563,0.13872838,0.081685036
train-loss/put_money_in_safe/traj_pos_acc_001,30,3999,119999,0,0,0.1
train-loss/put_money_in_safe/traj_pos_l2,30,3999,119999,0.21919423,0.095016234,0.0497633
train-loss/put_money_in_safe/traj_rot_acc_0025,30,3999,119999,0,0,0.052910056
train-loss/put_money_in_safe/traj_rot_l1,30,3999,119999,0.42231265,0.14045803,0.078361705
train-loss/reach_and_drag/traj_pos_acc_001,30,3999,119999,0,0,0.033333335
train-loss/reach_and_drag/traj_pos_l2,30,3999,119999,0.12970801,0.088051081,0.047164615
train-loss/reach_and_drag/traj_rot_acc_0025,30,3999,119999,0,0,0.24761906
train-loss/reach_and_drag/traj_rot_l1,30,3999,119999,1.2314636,0.1077906,0.045695733
train-loss/slide_block_to_color_target/traj_pos_acc_001,30,3999,119999,0,0,0
train-loss/slide_block_to_color_target/traj_pos_l2,30,3999,119999,0.19243568,0.087472953,0.068780348
train-loss/slide_block_to_color_target/traj_rot_acc_0025,30,3999,119999,0,0,0.1
train-loss/slide_block_to_color_target/traj_rot_l1,30,3999,119999,1.4093413,0.12100514,0.083175436
train-loss/stack_blocks/traj_pos_acc_001,30,3999,119999,0,0,0.0090909097
train-loss/stack_blocks/traj_pos_l2,30,3999,119999,0.17549638,0.08463873,0.061663128
train-loss/stack_blocks/traj_rot_acc_0025,30,3999,119999,0,0.025757575,0.048611112
train-loss/stack_blocks/traj_rot_l1,30,3999,119999,1.0878562,0.12854962,0.12854962
train-loss/stack_cups/traj_pos_acc_001,30,3999,119999,0,0,0.025
train-loss/stack_cups/traj_pos_l2,30,3999,119999,0.13931631,0.088573329,0.048127964
train-loss/stack_cups/traj_rot_acc_0025,30,3999,119999,0,0,0.050000001
train-loss/stack_cups/traj_rot_l1,30,3999,119999,1.2015244,0.11457497,0.099896155
train-loss/sweep_to_dustpan_of_size/traj_pos_acc_001,30,3999,119999,0,0,0
train-loss/sweep_to_dustpan_of_size/traj_pos_l2,30,3999,119999,0.16070238,0.097877838,0.063190848
train-loss/sweep_to_dustpan_of_size/traj_rot_acc_0025,30,3999,119999,0,0,0.17833333
train-loss/sweep_to_dustpan_of_size/traj_rot_l1,30,3999,119999,1.2356437,0.12223966,0.056091603
train-loss/turn_tap/traj_pos_acc_001,30,3999,119999,0,0,0
train-loss/turn_tap/traj_pos_l2,30,3999,119999,0.097662553,0.080406025,0.052522484
train-loss/turn_tap/traj_rot_acc_0025,30,3999,119999,0,0,0.33333334
train-loss/turn_tap/traj_rot_l1,30,3999,119999,1.4298313,0.12912177,0.07922411
train-losses/mean/traj_gripper,30,3999,119999,0.86875004,1,0.86875004
train-losses/mean/traj_pos_acc_001,30,3999,119999,0,0,0.0093750004
train-losses/mean/traj_pos_l2,30,3999,119999,0.1558117,0.089534186,0.062268306
train-losses/mean/traj_rot_acc_0025,30,3999,119999,0,0.0109375,0.040625002
train-losses/mean/traj_rot_l1,30,3999,119999,0.94839633,0.13275503,0.12809554
val-loss/close_jar/traj_pos_acc_001,30,3999,119999,0.0062500001,0,0.018750001
val-loss/close_jar/traj_pos_l2,30,3999,119999,0.1501251,0.098199628,0.058946777
val-loss/close_jar/traj_rot_acc_0025,30,3999,119999,0.0062500001,0.0062500001,0.03125
val-loss/close_jar/traj_rot_l1,30,3999,119999,0.62004107,0.11534249,0.11072958
val-loss/insert_onto_square_peg/traj_pos_acc_001,30,3999,119999,0.0078125,0,0.033052884
val-loss/insert_onto_square_peg/traj_pos_l2,30,3999,119999,0.13122717,0.091145657,0.060425214
val-loss/insert_onto_square_peg/traj_rot_acc_0025,30,3999,119999,0,0,0.033052884
val-loss/insert_onto_square_peg/traj_rot_l1,30,3999,119999,1.2252545,0.32795054,0.31089312
val-loss/light_bulb_in/traj_pos_acc_001,30,3999,119999,0,0,0.017361112
val-loss/light_bulb_in/traj_pos_l2,30,3999,119999,0.1311819,0.089692101,0.060895026
val-loss/light_bulb_in/traj_rot_acc_0025,30,3999,119999,0,0,0.043402784
val-loss/light_bulb_in/traj_rot_l1,30,3999,119999,1.2868609,0.1261296,0.11217795
val-loss/meat_off_grill/traj_pos_acc_001,30,3999,119999,0,0,0.013888889
val-loss/meat_off_grill/traj_pos_l2,30,3999,119999,0.15488,0.084655061,0.047597699
val-loss/meat_off_grill/traj_rot_acc_0025,30,3999,119999,0,0,0.040123455
val-loss/meat_off_grill/traj_rot_l1,30,3999,119999,1.2545749,0.12671934,0.098281361
val-loss/open_drawer/traj_pos_acc_001,30,3999,119999,0,0.010416667,0.010416667
val-loss/open_drawer/traj_pos_l2,30,3999,119999,0.097018525,0.087107912,0.04217599
val-loss/open_drawer/traj_rot_acc_0025,30,3999,119999,0,0.010416667,0.20089287
val-loss/open_drawer/traj_rot_l1,30,3999,119999,0.54311407,0.10817268,0.050696827
val-loss/place_cups/traj_pos_acc_001,30,3999,119999,0.0029761905,0,0.017857144
val-loss/place_cups/traj_pos_l2,30,3999,119999,0.15419458,0.093888968,0.060869679
val-loss/place_cups/traj_rot_acc_0025,30,3999,119999,0,0,0.031547621
val-loss/place_cups/traj_rot_l1,30,3999,119999,1.1231962,0.21645233,0.1913926
val-loss/place_shape_in_shape_sorter/traj_pos_acc_001,30,3999,119999,0,0,0.0078125
val-loss/place_shape_in_shape_sorter/traj_pos_l2,30,3999,119999,0.16947374,0.089084193,0.061738711
val-loss/place_shape_in_shape_sorter/traj_rot_acc_0025,30,3999,119999,0,0.0078125,0.024553571
val-loss/place_shape_in_shape_sorter/traj_rot_l1,30,3999,119999,1.1586883,0.30788481,0.27834994
val-loss/place_wine_at_rack_location/traj_pos_acc_001,30,3999,119999,0,0,0.01010101
val-loss/place_wine_at_rack_location/traj_pos_l2,30,3999,119999,0.13244091,0.087585077,0.058216352
val-loss/place_wine_at_rack_location/traj_rot_acc_0025,30,3999,119999,0,0.013888889,0.096590914
val-loss/place_wine_at_rack_location/traj_rot_l1,30,3999,119999,1.0502492,0.13201615,0.0752161
val-loss/push_buttons/traj_pos_acc_001,30,3999,119999,0,0,0.0089285718
val-loss/push_buttons/traj_pos_l2,30,3999,119999,0.16785054,0.092453033,0.053514712
val-loss/push_buttons/traj_rot_acc_0025,30,3999,119999,0,0.047619052,0.13095239
val-loss/push_buttons/traj_rot_l1,30,3999,119999,0.2680853,0.099280633,0.062890336
val-loss/put_groceries_in_cupboard/traj_pos_acc_001,30,3999,119999,0,0,0.020833334
val-loss/put_groceries_in_cupboard/traj_pos_l2,30,3999,119999,0.25270015,0.11416541,0.099213481
val-loss/put_groceries_in_cupboard/traj_rot_acc_0025,30,3999,119999,0,0,0.030982906
val-loss/put_groceries_in_cupboard/traj_rot_l1,30,3999,119999,1.3174723,0.43044347,0.380593
val-loss/put_item_in_drawer/traj_pos_acc_001,30,3999,119999,0.0034722222,0,0.017361112
val-loss/put_item_in_drawer/traj_pos_l2,30,3999,119999,0.15989916,0.080495216,0.042277444
val-loss/put_item_in_drawer/traj_rot_acc_0025,30,3999,119999,0,0.013888889,0.064484127
val-loss/put_item_in_drawer/traj_rot_l1,30,3999,119999,0.45084032,0.1261512,0.076740302
val-loss/put_money_in_safe/traj_pos_acc_001,30,3999,119999,0,0,0.013888889
val-loss/put_money_in_safe/traj_pos_l2,30,3999,119999,0.20144929,0.086513624,0.050627265
val-loss/put_money_in_safe/traj_rot_acc_0025,30,3999,119999,0,0,0.055555556
val-loss/put_money_in_safe/traj_rot_l1,30,3999,119999,0.39411116,0.1366041,0.084401883
val-loss/reach_and_drag/traj_pos_acc_001,30,3999,119999,0.0125,0,0.0125
val-loss/reach_and_drag/traj_pos_l2,30,3999,119999,0.12333523,0.085537635,0.049449589
val-loss/reach_and_drag/traj_rot_acc_0025,30,3999,119999,0,0,0.082142852
val-loss/reach_and_drag/traj_rot_l1,30,3999,119999,1.1086695,0.12410182,0.061769571
val-loss/slide_block_to_color_target/traj_pos_acc_001,30,3999,119999,0,0,0.020833334
val-loss/slide_block_to_color_target/traj_pos_l2,30,3999,119999,0.20935711,0.084293604,0.074260458
val-loss/slide_block_to_color_target/traj_rot_acc_0025,30,3999,119999,0,0,0.036057696
val-loss/slide_block_to_color_target/traj_rot_l1,30,3999,119999,1.1549249,0.14078945,0.12844773
val-loss/stack_blocks/traj_pos_acc_001,30,3999,119999,0,0.0021551724,0.0086206896
val-loss/stack_blocks/traj_pos_l2,30,3999,119999,0.15227018,0.12283394,0.091945268
val-loss/stack_blocks/traj_rot_acc_0025,30,3999,119999,0,0.006465517,0.051724136
val-loss/stack_blocks/traj_rot_l1,30,3999,119999,1.3003094,0.4725343,0.40220398
val-loss/stack_cups/traj_pos_acc_001,30,3999,119999,0,0,0.013020834
val-loss/stack_cups/traj_pos_l2,30,3999,119999,0.14325149,0.10564977,0.073323205
val-loss/stack_cups/traj_rot_acc_0025,30,3999,119999,0,0.00390625,0.037016369
val-loss/stack_cups/traj_rot_l1,30,3999,119999,1.2009573,0.21580711,0.18100263
val-loss/sweep_to_dustpan_of_size/traj_pos_acc_001,30,3999,119999,0,0,0.043981481
val-loss/sweep_to_dustpan_of_size/traj_pos_l2,30,3999,119999,0.1784794,0.099127673,0.076281853
val-loss/sweep_to_dustpan_of_size/traj_rot_acc_0025,30,3999,119999,0,0.013888889,0.0625
val-loss/sweep_to_dustpan_of_size/traj_rot_l1,30,3999,119999,1.1348194,0.11690858,0.06041627
val-loss/turn_tap/traj_pos_acc_001,30,3999,119999,0,0,0.034855768
val-loss/turn_tap/traj_pos_l2,30,3999,119999,0.10705495,0.070483007,0.057634473
val-loss/turn_tap/traj_rot_acc_0025,30,3999,119999,0,0,0.03846154
val-loss/turn_tap/traj_rot_l1,30,3999,119999,1.3349843,0.2151054,0.20066708
val-losses/mean/traj_gripper,30,3999,119999,0.86209244,0.99660325,0.86209244
val-losses/mean/traj_pos_acc_001,30,3999,119999,0.0016983696,0.00067934784,0.0064538047
val-losses/mean/traj_pos_l2,30,3999,119999,0.15552577,0.096992522,0.068186499
val-losses/mean/traj_rot_acc_0025,30,3999,119999,0.00033967392,0.0054347827,0.031589676
val-losses/mean/traj_rot_l1,30,3999,119999,1.0261829,0.22470628,0.20847173
